{
  "run_id": "20260506T025855Z",
  "dataset": "bdanko/unified_medical_scenario_benchmark",
  "split": "test",
  "model": "google/gemini-3-flash-preview",
  "judge_model": "google/gemini-3-flash-preview",
  "created_at": "2026-05-06T04:13:31.800679+00:00",
  "n": 1371,
  "by_benchmark": {
    "mmlu_medical": {
      "n": 871,
      "scored_n": 871,
      "mean_reward": 0.9265212399540758,
      "failures": 64,
      "unscored": 0,
      "mean_judge_reward": null,
      "latency_s_total": 1181.0580742359161,
      "latency_s_mean": 1.3559794193294101,
      "latency_s_min": 0.5977697372436523,
      "latency_s_max": 14.105375528335571
    },
    "healthbench": {
      "n": 400,
      "scored_n": 400,
      "mean_reward": 0.3867597504971451,
      "failures": 8,
      "unscored": 0,
      "mean_judge_reward": null,
      "latency_s_total": 10460.756989240646,
      "latency_s_mean": 26.151892473101615,
      "latency_s_min": 10.33737587928772,
      "latency_s_max": 101.16793513298035
    },
    "medagentbench": {
      "n": 100,
      "scored_n": 100,
      "mean_reward": 0.3,
      "failures": 70,
      "unscored": 0,
      "mean_judge_reward": 0.88,
      "latency_s_total": 579.5005333423615,
      "latency_s_mean": 5.795005333423615,
      "latency_s_min": 3.2050094604492188,
      "latency_s_max": 20.074251413345337
    }
  },
  "usage": {
    "total": {
      "prompt_tokens": 8847183,
      "completion_tokens": 722612,
      "total_tokens": 9569795,
      "cost": 6.514646143499994,
      "usage_records": 6451
    },
    "by_benchmark": {
      "mmlu_medical": {
        "prompt_tokens": 107317,
        "completion_tokens": 10103,
        "total_tokens": 117420,
        "cost": 0.083127825,
        "usage_records": 871
      },
      "healthbench": {
        "prompt_tokens": 7705206,
        "completion_tokens": 689167,
        "total_tokens": 8394373,
        "cost": 5.857292628,
        "usage_records": 5250
      },
      "medagentbench": {
        "prompt_tokens": 1034660,
        "completion_tokens": 23342,
        "total_tokens": 1058002,
        "cost": 0.5742256905,
        "usage_records": 330
      }
    }
  },
  "result_path": "eval_results/unified_gemini3flash_test_20260506T025844Z/20260506T025855Z_test_episodes.jsonl",
  "episodic_memory_candidates_path": "eval_results/unified_gemini3flash_test_20260506T025844Z/20260506T025855Z_test_episodic_memory_candidates.jsonl"
}