{
  "dataset": "hf_out/unified_medical_scenario_benchmark",
  "split": "test",
  "n": 1371,
  "router_model_path": "hf_out/umsb-distilbert-router",
  "episodic_memory_enabled": true,
  "episodic_memory_model_path": "hf_out/umsb-mpnet-episodic-memory",
  "router_latency": {
    "n": 1371,
    "mean_ms": 162.29176145590134,
    "median_ms": 158.2628360047238,
    "p95_ms": 257.0078220014693,
    "p99_ms": 330.6759580009384,
    "min_ms": 40.62678400077857,
    "max_ms": 392.4279269995168
  },
  "memory_latency": {
    "n": 1371,
    "mean_ms": 208.06168453046095,
    "median_ms": 179.93954900885,
    "p95_ms": 389.8493589949794,
    "p99_ms": 609.162049004226,
    "min_ms": 85.87183800409548,
    "max_ms": 843.5519670019858
  },
  "combined_router_memory_latency": {
    "n": 1371,
    "mean_ms": 370.36258305833,
    "median_ms": 332.14409300126135,
    "p95_ms": 635.1927490031812,
    "p99_ms": 959.0689949982334,
    "min_ms": 147.932760999538,
    "max_ms": 1173.8683069997933
  },
  "by_benchmark": {
    "healthbench": {
      "router_latency": {
        "n": 400,
        "mean_ms": 140.8184261820861,
        "median_ms": 133.35419649229152,
        "p95_ms": 251.71403100830503,
        "p99_ms": 319.5565460046055,
        "min_ms": 40.62678400077857,
        "max_ms": 378.4836029954022
      },
      "memory_latency": {
        "n": 400,
        "mean_ms": 200.6323172023258,
        "median_ms": 164.87286650226451,
        "p95_ms": 414.13895699952263,
        "p99_ms": 717.497049990925,
        "min_ms": 85.87183800409548,
        "max_ms": 843.5519670019858
      },
      "combined_router_memory_latency": {
        "n": 400,
        "mean_ms": 341.45849990542047,
        "median_ms": 296.28233600669773,
        "p95_ms": 644.0095540019684,
        "p99_ms": 1053.5141530126566,
        "min_ms": 147.932760999538,
        "max_ms": 1112.0391150034266
      }
    },
    "medagentbench": {
      "router_latency": {
        "n": 100,
        "mean_ms": 177.01951292037847,
        "median_ms": 174.71644349279813,
        "p95_ms": 246.20520099415444,
        "p99_ms": 259.9714749958366,
        "min_ms": 74.01982399460394,
        "max_ms": 264.8893299920019
      },
      "memory_latency": {
        "n": 100,
        "mean_ms": 220.53638618002879,
        "median_ms": 209.9849354926846,
        "p95_ms": 345.5675879959017,
        "p99_ms": 347.55712500191294,
        "min_ms": 136.1889149993658,
        "max_ms": 349.2470739874989
      },
      "combined_router_memory_latency": {
        "n": 100,
        "mean_ms": 397.56247590950807,
        "median_ms": 385.550199993304,
        "p95_ms": 593.0334159929771,
        "p99_ms": 606.820468994556,
        "min_ms": 223.20448400569148,
        "max_ms": 614.141746002133
      }
    },
    "mmlu_medical": {
      "router_latency": {
        "n": 871,
        "mean_ms": 170.46232283716242,
        "median_ms": 161.80976199393626,
        "p95_ms": 261.6029289929429,
        "p99_ms": 335.7842650002567,
        "min_ms": 56.075365995639004,
        "max_ms": 392.4279269995168
      },
      "memory_latency": {
        "n": 871,
        "mean_ms": 210.04133638614096,
        "median_ms": 182.13998300780077,
        "p95_ms": 387.5401110126404,
        "p99_ms": 546.5099709981587,
        "min_ms": 116.1342339910334,
        "max_ms": 795.1295830134768
      },
      "combined_router_memory_latency": {
        "n": 871,
        "mean_ms": 380.51372424782033,
        "median_ms": 340.57184800622053,
        "p95_ms": 640.3301999962423,
        "p99_ms": 862.6680080051301,
        "min_ms": 180.10123699787073,
        "max_ms": 1173.8683069997933
      }
    }
  }
}